gene,hgvsp,amino_acid_position,start_aa,end_aa
NRAS,Q61R,61,,
NRAS,Q61K,61,,
NRAS,Q61L,61,,
NRAS,Q61H,61,,
NRAS,Q61P,61,,
NRAS,Q61Ter,61,,
PIK3CA,E545K,545,,
PIK3CA,E545G,545,,
PIK3CA,E545Q,545,,
PIK3CA,E545A,545,,
PIK3CA,E545D,545,,
IDH1,R132H,132,,
IDH1,R132C,132,,
IDH1,R132G,132,,
IDH1,R132S,132,,
IDH1,R132L,132,,
IDH1,R132I,132,,
PIK3CA,H1047R,1047,,
PIK3CA,H1047L,1047,,
PIK3CA,H1047Y,1047,,
PIK3CA,H1047Q,1047,,
BRAF,V600E,600,,
BRAF,V600M,600,,
BRAF,V600K,600,,
BRAF,V600R,600,,
BRAF,V600V,600,,
BRAF,V600G,600,,
EGFR,L858R,858,,
TP53,R175H,175,,
TP53,R175G,175,,
TP53,R175C,175,,
TP53,R175L,175,,
KRAS,Q61H,61,,
KRAS,Q61R,61,,
KRAS,Q61L,61,,
KRAS,Q61K,61,,
KRAS,Q61P,61,,
KRAS,Q61A,61,,
KRAS,Q61E,61,,
KRAS,G13D,13,,
KRAS,G13C,13,,
KRAS,G13G,13,,
KRAS,G13V,13,,
KRAS,G13E,13,,
KRAS,G13R,13,,
KRAS,G13A,13,,
TP53,R248Q,248,,
TP53,R248W,248,,
TP53,R248L,248,,
TP53,R248P,248,,
TP53,R248G,248,,
TP53,R248R,248,,
KRAS,G12D,12,,
KRAS,G12V,12,,
KRAS,G12C,12,,
KRAS,G12R,12,,
KRAS,G12A,12,,
KRAS,G12S,12,,
KRAS,G12F,12,,
KRAS,G12G,12,,
KRAS,G12I,12,,
KRAS,G12L,12,,
TP53,R273C,273,,
TP53,R273H,273,,
TP53,R273L,273,,
TP53,R273S,273,,
TP53,R273P,273,,
TP53,R273G,273,,
PIK3CA,E542K,542,,
PIK3CA,E542A,542,,
PIK3CA,E542Q,542,,
PIK3CA,E542V,542,,
PIK3CA,E542G,542,,
AKT1,E17K,17,,
AKT1,E17Ter,17,,
GNAS,R201H,201,,
GNAS,R201C,201,,
GNAS,R201S,201,,
GNAS,R201L,201,,
FGFR3,S249C,249,,
PIK3CA,N345K,345,,
PIK3CA,N345I,345,,
PIK3CA,N345T,345,,
PIK3CA,N345H,345,,
PIK3CA,N345Y,345,,
PIK3CA,N345D,345,,
PIK3CA,N345N,345,,
PTEN,R130Q,130,,
PTEN,R130G,130,,
PTEN,R130Ter,130,,
PTEN,R130P,130,,
PTEN,R130L,130,,
PTEN,R130R,130,,
PTEN,R130S,130,,
HRAS,Q61R,61,,
HRAS,Q61K,61,,
HRAS,Q61L,61,,
HRAS,Q61H,61,,
TP53,Y220C,220,,
TP53,Y220S,220,,
TP53,Y220H,220,,
TP53,Y220Ter,220,,
TP53,Y220D,220,,
TP53,Y220N,220,,
TP53,G245S,245,,
TP53,G245D,245,,
TP53,G245V,245,,
TP53,G245C,245,,
TP53,G245R,245,,
TP53,G245A,245,,
TP53,G245N,245,,
TP53,R213Ter,213,,
TP53,R213Q,213,,
TP53,R213L,213,,
TP53,R213G,213,,
TP53,R213P,213,,
FBXW7,R465C,465,,
FBXW7,R465H,465,,
FBXW7,R465S,465,,
FBXW7,R465G,465,,
FBXW7,R465L,465,,
FBXW7,R465P,465,,
PIK3CA,Q546K,546,,
PIK3CA,Q546R,546,,
PIK3CA,Q546P,546,,
PIK3CA,Q546H,546,,
PIK3CA,Q546E,546,,
PIK3CA,Q546L,546,,
ERBB2,S310F,310,,
ERBB2,S310Y,310,,
ERBB2,S310S,310,,
GNA11,Q209L,209,,
GNA11,Q209H,209,,
GNA11,Q209P,209,,
GNAQ,Q209P,209,,
GNAQ,Q209L,209,,
GNAQ,Q209H,209,,
GTF2I,L424H,424,,
TP53,R282W,282,,
TP53,R282G,282,,
TP53,R282P,282,,
TP53,R282Q,282,,
TP53,R282L,282,,
TP53,R282R,282,,
CTNNB1,S37F,37,,
CTNNB1,S37C,37,,
CTNNB1,S37A,37,,
CTNNB1,S37P,37,,
CTNNB1,S37Y,37,,
CTNNB1,D32Y,32,,
CTNNB1,D32N,32,,
CTNNB1,D32G,32,,
CTNNB1,D32V,32,,
CTNNB1,D32H,32,,
CTNNB1,D32A,32,,
SMAD4,R361H,361,,
SMAD4,R361C,361,,
SMAD4,R361S,361,,
SMAD4,R361G,361,,
SMAD4,R361L,361,,
SMAD4,R361P,361,,
TP53,H179R,179,,
TP53,H179Y,179,,
TP53,H179L,179,,
TP53,H179Q,179,,
TP53,H179D,179,,
TP53,H179N,179,,
TP53,H179P,179,,
CTNNB1,S33C,33,,
CTNNB1,S33F,33,,
CTNNB1,S33P,33,,
CTNNB1,S33Y,33,,
CTNNB1,S33A,33,,
CTNNB1,S33T,33,,
KRAS,A146T,146,,
KRAS,A146V,146,,
KRAS,A146P,146,,
CTNNB1,T41A,41,,
CTNNB1,T41I,41,,
CTNNB1,T41N,41,,
EGFR,T790M,790,,
EGFR,T790T,790,,
NRAS,G12D,12,,
NRAS,G12C,12,,
NRAS,G12S,12,,
NRAS,G12A,12,,
NRAS,G12V,12,,
NRAS,G12R,12,,
SF3B1,K700E,700,,
SF3B1,K700K,700,,
SF3B1,K700R,700,,
TP53,H193R,193,,
TP53,H193Y,193,,
TP53,H193L,193,,
TP53,H193P,193,,
TP53,H193D,193,,
TP53,H193N,193,,
TP53,H193Q,193,,
ESR1,D538G,538,,
FBXW7,R505C,505,,
FBXW7,R505G,505,,
FBXW7,R505H,505,,
FBXW7,R505L,505,,
FBXW7,R505P,505,,
FBXW7,R505S,505,,
IDH2,R172K,172,,
IDH2,R172G,172,,
IDH2,R172S,172,,
IDH2,R172W,172,,
IDH2,R172M,172,,
IDH2,R172R,172,,
IDH2,R172T,172,,
U2AF1,S34F,34,,
U2AF1,S34Y,34,,
EGFR,A289V,289,,
EGFR,A289T,289,,
EGFR,A289D,289,,
EGFR,A289I,289,,
EGFR,A289N,289,,
ESR1,Y537S,537,,
ESR1,Y537C,537,,
ESR1,Y537N,537,,
ESR1,Y537D,537,,
CDKN2A,R80Ter,80,,
CDKN2A,R80Q,80,,
CTNNB1,S45F,45,,
CTNNB1,S45P,45,,
CTNNB1,S45C,45,,
CTNNB1,S45Y,45,,
CTNNB1,S45A,45,,
TP53,C176F,176,,
TP53,C176Y,176,,
TP53,C176S,176,,
TP53,C176W,176,,
TP53,C176G,176,,
TP53,C176R,176,,
TP53,C176Ter,176,,
TP53,C176C,176,,
PIK3CA,R88Q,88,,
ERBB3,V104M,104,,
ERBB3,V104L,104,,
PIK3CA,M1043I,1043,,
PIK3CA,M1043V,1043,,
PIK3CA,M1043L,1043,,
PIK3CA,M1043T,1043,,
TP53,Y163C,163,,
TP53,Y163H,163,,
TP53,Y163N,163,,
TP53,Y163D,163,,
TP53,Y163Ter,163,,
ERBB2,L755S,755,,
ERBB2,L755P,755,,
ERBB2,L755M,755,,
ERBB2,L755A,755,,
ERBB2,L755L,755,,
ERBB2,L755W,755,,
TP53,R342Ter,342,,
TP53,R342P,342,,
TP53,R196Ter,196,,
TP53,R196P,196,,
TP53,R196L,196,,
TP53,R196Q,196,,
H3F3A,K28M,28,,
H3F3A,K28R,28,,
FGFR3,Y373C,373,,
BRAF,G469A,469,,
BRAF,G469V,469,,
BRAF,G469R,469,,
BRAF,G469E,469,,
BRAF,G469S,469,,
BRAF,G469Ter,469,,
BRAF,G469G,469,,
PIK3CA,C420R,420,,
HRAS,G13R,13,,
HRAS,G13V,13,,
HRAS,G13D,13,,
HRAS,G13C,13,,
HRAS,G13S,13,,
HRAS,G13I,13,,
HRAS,G13N,13,,
CTNNB1,G34R,34,,
CTNNB1,G34V,34,,
CTNNB1,G34E,34,,
CTNNB1,G34Ter,34,,
CTNNB1,G34A,34,,
CTNNB1,G34L,34,,
TP53,I195T,195,,
TP53,I195F,195,,
TP53,I195N,195,,
TP53,I195S,195,,
TP53,I195M,195,,
TP53,I195I,195,,
TP53,I195K,195,,
CDKN2A,H83Y,83,,
CDKN2A,H83D,83,,
CDKN2A,H83R,83,,
CDKN2A,H83N,83,,
CDKN2A,H83Q,83,,
TP53,sX187_splices,187,,
TP53,G266R,266,,
TP53,G266E,266,,
TP53,G266V,266,,
TP53,G266Ter,266,,
TP53,G266K,266,,
TP53,G266T,266,,
TP53,R249S,249,,
TP53,R249M,249,,
TP53,R249G,249,,
TP53,R249T,249,,
TP53,R249W,249,,
TP53,R249K,249,,
TP53,R249I,249,,
SF3B1,R625H,625,,
SF3B1,R625C,625,,
SF3B1,R625L,625,,
SF3B1,R625G,625,,
BRAF,K601E,601,,
BRAF,K601N,601,,
BRAF,K601T,601,,
BRAF,D594N,594,,
BRAF,D594G,594,,
BRAF,D594V,594,,
BRAF,D594Y,594,,
BRAF,D594E,594,,
BRAF,D594H,594,,
EZH2,Y646F,646,,
EZH2,Y646N,646,,
EZH2,Y646H,646,,
EZH2,Y646S,646,,
EZH2,Y646C,646,,
EZH2,Y646Y,646,,
TP53,Y234C,234,,
TP53,Y234H,234,,
TP53,Y234Ter,234,,
TP53,Y234N,234,,
TP53,Y234S,234,,
TP53,Y234D,234,,
DNMT3A,R882H,882,,
DNMT3A,R882C,882,,
DNMT3A,R882P,882,,
BCOR,N1459S,1459,,
PPP2R1A,P179R,179,,
PPP2R1A,P179L,179,,
RAC1,P29S,29,,
RAC1,P29L,29,,
RAC1,P29T,29,,
RAC1,P29F,29,,
PIK3CA,G118D,118,,
FBXW7,R479Q,479,,
FBXW7,R479Ter,479,,
FBXW7,R479G,479,,
FBXW7,R479P,479,,
FBXW7,R479L,479,,
FBXW7,R479R,479,,
TP53,sX307_splices,307,,
TP53,V173L,173,,
TP53,V173M,173,,
TP53,V173A,173,,
TP53,V173G,173,,
TP53,V173E,173,,
TP53,C238Y,238,,
TP53,C238F,238,,
TP53,C238R,238,,
TP53,C238G,238,,
TP53,C238S,238,,
TP53,C238W,238,,
PPP2R1A,R183W,183,,
PPP2R1A,R183Q,183,,
PPP2R1A,R183G,183,,
MYD88,L265P,265,,
TP53,sX126_splices,126,,
NRAS,G13R,13,,
NRAS,G13D,13,,
NRAS,G13S,13,,
NRAS,G13C,13,,
NRAS,G13F,13,,
NRAS,G13V,13,,
TP53,Y205C,205,,
TP53,Y205H,205,,
TP53,Y205F,205,,
TP53,Y205S,205,,
TP53,Y205D,205,,
TP53,Y205N,205,,
TP53,Y205Ter,205,,
PIK3CA,E726K,726,,
PIK3CA,E726A,726,,
TP53,P151S,151,,
TP53,P151H,151,,
TP53,P151A,151,,
TP53,P151R,151,,
TP53,P151T,151,,
TP53,P151F,151,,
TP53,P151L,151,,
CDKN2A,R58Ter,58,,
CDKN2A,R58R,58,,
EGFR,G598V,598,,
EGFR,G598A,598,,
EGFR,G598E,598,,
TP53,R158L,158,,
TP53,R158H,158,,
TP53,R158P,158,,
TP53,R158G,158,,
TP53,R158C,158,,
TP53,R158S,158,,
TP53,R158F,158,,
TP53,Y236C,236,,
TP53,Y236Ter,236,,
TP53,Y236D,236,,
TP53,Y236N,236,,
TP53,Y236H,236,,
TP53,Y236S,236,,
B2M,M1I,1,,
B2M,M1L,1,,
B2M,M1V,1,,
B2M,M1T,1,,
B2M,M1K,1,,
B2M,M1R,1,,
HRAS,G12D,12,,
HRAS,G12S,12,,
HRAS,G12C,12,,
HRAS,G12V,12,,
HRAS,G12A,12,,
HRAS,G12N,12,,
FGFR3,R248C,248,,
TP53,C275F,275,,
TP53,C275Y,275,,
TP53,C275R,275,,
TP53,C275S,275,,
TP53,C275Ter,275,,
TP53,C275W,275,,
TP53,C275G,275,,
TP53,C135Y,135,,
TP53,C135F,135,,
TP53,C135R,135,,
TP53,C135Ter,135,,
TP53,C135S,135,,
TP53,C135W,135,,
TP53,C135G,135,,
TP53,P278S,278,,
TP53,P278L,278,,
TP53,P278A,278,,
TP53,P278R,278,,
TP53,P278T,278,,
TP53,P278H,278,,
TP53,P278F,278,,
IDH2,R140Q,140,,
IDH2,R140W,140,,
IDH2,R140L,140,,
SPOP,F133L,133,,
SPOP,F133V,133,,
SPOP,F133C,133,,
SPOP,F133S,133,,
SPOP,F133I,133,,
PIK3CA,K111E,111,,
PIK3CA,K111N,111,,
PIK3CA,K111Q,111,,
PIK3CA,K111R,111,,
TP53,S241F,241,,
TP53,S241C,241,,
TP53,S241Y,241,,
TP53,S241P,241,,
TP53,S241S,241,,
TP53,S241A,241,,
TP53,S241T,241,,
EGFR,G719A,719,,
EGFR,G719C,719,,
EGFR,G719S,719,,
EGFR,G719D,719,,
TP53,M237I,237,,
TP53,M237K,237,,
TP53,M237V,237,,
FGFR2,N549K,549,,
FGFR2,N549H,549,,
FGFR2,N549S,549,,
FGFR2,N549T,549,,
RXRA,S427F,427,,
RXRA,S427Y,427,,
NFE2L2,R34G,34,,
NFE2L2,R34Q,34,,
NFE2L2,R34P,34,,
NFE2L2,R34Ter,34,,
NFE2L2,R34L,34,,
TP53,V157F,157,,
TP53,V157G,157,,
TP53,V157L,157,,
TP53,V157A,157,,
TP53,V157D,157,,
TP53,V157V,157,,
MAP2K1,K57N,57,,
MAP2K1,K57T,57,,
MAP2K1,K57E,57,,
AR,L702H,702,,
AR,L702L,702,,
TP53,V272M,272,,
TP53,V272L,272,,
TP53,V272G,272,,
TP53,V272E,272,,
TP53,V272K,272,,
TP53,V272A,272,,
TP53,V272V,272,,
FLT3,D835Y,835,,
FLT3,D835E,835,,
FLT3,D835H,835,,
FLT3,D835V,835,,
ATM,R337C,337,,
ATM,R337H,337,,
TP53,K132N,132,,
TP53,K132R,132,,
TP53,K132E,132,,
TP53,K132M,132,,
TP53,K132T,132,,
TP53,K132Q,132,,
TP53,K132Ter,132,,
CIC,R215W,215,,
CIC,R215Q,215,,
CIC,R215R,215,,
PIK3CA,E453K,453,,
PIK3CA,E453Q,453,,
PIK3CA,E453D,453,,
CDKN2A,W110Ter,110,,
TP53,R280K,280,,
TP53,R280T,280,,
TP53,R280G,280,,
TP53,R280I,280,,
TP53,R280S,280,,
TP53,R280Ter,280,,
GTF2I,N440S,440,,
NFE2L2,E79Q,79,,
NFE2L2,E79K,79,,
NFE2L2,E79Ter,79,,
NFE2L2,E79V,79,,
NFE2L2,E79D,79,,
NFE2L2,E79G,79,,
ERBB2,R678Q,678,,
ERBB2,R678W,678,,
TP53,S215I,215,,
TP53,S215R,215,,
TP53,S215G,215,,
TP53,S215N,215,,
TP53,S215C,215,,
TP53,S215T,215,,
MET,sX1010_splices,1010,,
BRAF,N581S,581,,
BRAF,N581I,581,,
BRAF,N581T,581,,
BRAF,N581D,581,,
BRAF,N581H,581,,
BRAF,N581Y,581,,
KIT,N822K,822,,
KIT,N822Y,822,,
KIT,N822I,822,,
RHOA,G17V,17,,
RHOA,G17E,17,,
RHOA,G17A,17,,
CDK4,R24L,24,,
CDK4,R24H,24,,
CDK4,R24C,24,,
CDK4,R24S,24,,
BRAF,G466V,466,,
BRAF,G466E,466,,
BRAF,G466A,466,,
AR,T878A,878,,
AR,T878S,878,,
PTEN,R233Ter,233,,
PTEN,R233Q,233,,
TP53,N239S,239,,
TP53,N239D,239,,
TP53,N239K,239,,
TP53,N239H,239,,
TP53,N239T,239,,
AR,H875Y,875,,
POLE,P286R,286,,
POLE,P286H,286,,
POLE,P286L,286,,
POLE,P286S,286,,
POLE,P286T,286,,
CREBBP,R1446C,1446,,
CREBBP,R1446H,1446,,
CREBBP,R1446L,1446,,
CREBBP,R1446G,1446,,
CREBBP,R1446P,1446,,
CREBBP,R1446S,1446,,
TP53,C242F,242,,
TP53,C242Y,242,,
TP53,C242S,242,,
TP53,C242W,242,,
TP53,C242G,242,,
TP53,C242R,242,,
TP53,C242Ter,242,,
TP53,C242C,242,,
CD79B,Y197H,197,,
CD79B,Y197C,197,,
CD79B,Y197D,197,,
CD79B,Y197F,197,,
CD79B,Y197N,197,,
CD79B,Y197S,197,,
CD79B,Y197R,197,,
NFE2L2,E82D,82,,
NFE2L2,E82A,82,,
NFE2L2,E82G,82,,
NFE2L2,E82Q,82,,
PIK3CA,V344G,344,,
PIK3CA,V344M,344,,
PIK3CA,V344A,344,,
TP53,sX261_splices,261,,
MED12,G44S,44,,
MED12,G44D,44,,
MED12,G44C,44,,
MED12,G44A,44,,
MED12,G44V,44,,
EGFR,L861Q,861,,
ERBB4,S1289A,1289,,
TP53,G244D,244,,
TP53,G244C,244,,
TP53,G244S,244,,
TP53,G244V,244,,
TP53,G244A,244,,
TP53,G244F,244,,
TP53,G244G,244,,
TP53,G244R,244,,
PIK3CA,R93Q,93,,
PIK3CA,R93W,93,,
PIK3CA,R93L,93,,
MED12,L1224F,1224,,
MED12,L1224V,1224,,
ERCC2,N238S,238,,
FOXL2,C134W,134,,
STK19,D89N,89,,
STK19,D89D,89,,
TP53,V274F,274,,
TP53,V274A,274,,
TP53,V274G,274,,
TP53,V274D,274,,
TP53,V274L,274,,
PIK3CA,R108H,108,,
PIK3CA,R108L,108,,
PIK3CA,R108S,108,,
MAPK1,E322K,322,,
MAPK1,E322Ter,322,,
MAPK1,E322A,322,,
XPO1,E571K,571,,
XPO1,E571A,571,,
XPO1,E571V,571,,
RHOA,Y42C,42,,
RHOA,Y42S,42,,
RHOA,Y42F,42,,
RHOA,Y42I,42,,
NFE2L2,D29H,29,,
NFE2L2,D29Y,29,,
NFE2L2,D29G,29,,
NFE2L2,D29N,29,,
ERBB2,V777L,777,,
ERBB2,V777M,777,,
TP53,sX331_splices,331,,
KIT,D816V,816,,
KIT,D816H,816,,
KIT,D816Y,816,,
KIT,D816A,816,,
KRAS,G60G,60,,
KRAS,G60D,60,,
KRAS,G60V,60,,
KRAS,G60S,60,,
ALK,R1275Q,1275,,
ALK,R1275Ter,1275,,
ALK,R1275L,1275,,
CTNNB1,K335I,335,,
CTNNB1,K335T,335,,
ALK,F1174L,1174,,
ALK,F1174C,1174,,
ALK,F1174V,1174,,
ERBB2,V842I,842,,
MAP2K1,P124S,124,,
MAP2K1,P124L,124,,
MAP2K1,P124M,124,,
MAP2K1,P124P,124,,
MAP2K1,P124Q,124,,
MAP2K1,P124R,124,,
SMAD4,D537G,537,,
SMAD4,D537H,537,,
SMAD4,D537V,537,,
SMAD4,D537E,537,,
SMAD4,D537Y,537,,
SMAD4,D537A,537,,
TP53,E285K,285,,
TP53,E285Ter,285,,
TP53,E285V,285,,
TP53,E285E,285,,
TP53,E285Q,285,,
TP53,R306Ter,306,,
TP53,R306Q,306,,
TP53,H214R,214,,
TP53,H214L,214,,
TP53,H214Q,214,,
TP53,H214P,214,,
SMARCA4,T910M,910,,
SMARCA4,T910A,910,,
SMARCA4,T910R,910,,
SMARCA4,T910T,910,,
PIK3CA,G106V,106,,
PIK3CA,G106R,106,,
PIK3CA,G106C,106,,
PIK3CA,G106S,106,,
HIST1H3B,K28M,28,,
HIST1H3B,K28E,28,,
POLE,V411L,411,,
CDH1,Q23Ter,23,,
FGFR1,N577K,577,,
FGFR1,N577D,577,,
TP53,E286K,286,,
TP53,E286Ter,286,,
TP53,E286Q,286,,
TP53,E286G,286,,
TP53,E286V,286,,
TP53,E286A,286,,
RAF1,S257L,257,,
RAF1,S257W,257,,
FGFR2,S252W,252,,
FGFR2,S252L,252,,
FGFR2,S252S,252,,
KRAS,K117N,117,,
KRAS,K117R,117,,
EGFR,R108K,108,,
EGFR,R108G,108,,
PIK3R1,N564D,564,,
NFE2L2,G31A,31,,
NFE2L2,G31E,31,,
NFE2L2,G31R,31,,
NFE2L2,G31V,31,,
NFE2L2,G81S,81,,
NFE2L2,G81V,81,,
NFE2L2,G81D,81,,
NFE2L2,G81R,81,,
NFE2L2,G81C,81,,
NFE2L2,G81A,81,,
TCEB1,Y79C,79,,
TCEB1,Y79Ter,79,,
TCEB1,Y79F,79,,
TCEB1,Y79N,79,,
TCEB1,Y79S,79,,
MAP2K1,F53L,53,,
MAP2K1,F53C,53,,
MAP2K1,F53V,53,,
MAP2K1,F53I,53,,
ERBB3,E928G,928,,
ERBB3,E928K,928,,
ERBB3,D297Y,297,,
ERBB3,D297A,297,,
ERBB3,D297H,297,,
ERBB3,D297N,297,,
ERBB3,D297V,297,,
TP53,sX225_splices,225,,
TP53,C141Y,141,,
TP53,C141W,141,,
TP53,C141R,141,,
TP53,C141G,141,,
TP53,C141Ter,141,,
TP53,C141F,141,,
TP53,C141S,141,,
TP53,D281E,281,,
TP53,D281N,281,,
TP53,D281Y,281,,
TP53,D281H,281,,
TP53,D281V,281,,
TP53,D281D,281,,
TP53,D281G,281,,
TP53,D281A,281,,
TP53,D281P,281,,
EP300,D1399N,1399,,
EP300,D1399Y,1399,,
EP300,D1399E,1399,,
TP53,V216M,216,,
TP53,V216L,216,,
TP53,V216G,216,,
TP53,V216E,216,,
NUP93,Q15Ter,15,,
NUP93,Q15K,15,,
SMAD4,G386D,386,,
SMAD4,G386V,386,,
SMAD4,G386S,386,,
SMAD4,G386R,386,,
SMAD4,G386A,386,,
SMAD4,G386C,386,,
TP53,sX125_splices,125,,
TP53,R337C,337,,
TP53,R337L,337,,
TP53,R337H,337,,
TP53,R337S,337,,
TP53,R337P,337,,
TP53,R337G,337,,
EGFR,S768I,768,,
EGFR,S768T,768,,
EIF1AX,sX113_splices,113,,
PTPN11,A72T,72,,
PTPN11,A72V,72,,
PTPN11,A72D,72,,
PTPN11,A72G,72,,
PTPN11,A72S,72,,
MYCN,P44L,44,,
MYCN,P44F,44,,
SDHAF2,sX87_splices,87,,
PDGFRA,D842V,842,,
PDGFRA,D842D,842,,
PDGFRA,D842H,842,,
PDGFRA,D842I,842,,
TP53,Y126C,126,,
TP53,Y126D,126,,
TP53,Y126Ter,126,,
TP53,Y126S,126,,
TP53,Y126H,126,,
TP53,Y126N,126,,
NFE2L2,T80R,80,,
NFE2L2,T80K,80,,
NFE2L2,T80A,80,,
NFE2L2,T80P,80,,
NFE2L2,T80I,80,,
PIK3CA,G1049R,1049,,
PIK3CA,G1049A,1049,,
ESR1,L536H,536,,
ESR1,L536P,536,,
ESR1,L536L,536,,
ESR1,L536R,536,,
ESR1,L536Q,536,,
SF3B1,E902K,902,,
SF3B1,E902Q,902,,
SF3B1,E902G,902,,
TP53,A159V,159,,
TP53,A159P,159,,
TP53,A159A,159,,
TP53,A159D,159,,
TP53,I255F,255,,
TP53,I255N,255,,
TP53,I255S,255,,
TP53,I255T,255,,
TP53,I255I,255,,
PPP6C,R264C,264,,
PIK3CA,Y1021C,1021,,
PIK3CA,Y1021H,1021,,
KIT,K642E,642,,
KIT,K642N,642,,
KIT,K642Q,642,,
TP53,L194R,194,,
TP53,L194F,194,,
TP53,L194H,194,,
TP53,L194P,194,,
PIK3R1,G376R,376,,
TP53,sX224_splices,224,,
PIK3CA,R38H,38,,
PIK3CA,R38C,38,,
PIK3CA,R38G,38,,
PIK3CA,R38L,38,,
PIK3CA,R38S,38,,
MET,D1010H,1010,,
MET,D1010N,1010,,
MET,D1010Y,1010,,
ARID1A,R1989Ter,1989,,
ARID1A,R1989Q,1989,,
SPOP,F102C,102,,
SPOP,F102V,102,,
SPOP,F102L,102,,
SPOP,F102S,102,,
SPOP,F102I,102,,
PIK3CA,N1044K,1044,,
PIK3CA,N1044Y,1044,,
MAX,R60Q,60,,
MAX,R60R,60,,
MAX,R60W,60,,
PPP2R1A,S256F,256,,
PPP2R1A,S256Y,256,,
PIK3CA,E81K,81,,
PIK3CA,E81Ter,81,,
FGFR2,C382R,382,,
FGFR2,C382Y,382,,
CDKN2A,P114L,114,,
CDKN2A,P114P,114,,
CDKN2A,P114T,114,,
CDKN2A,P114F,114,,
CDKN2A,P114H,114,,
CDKN2A,P114S,114,,
ESR1,E380Q,380,,
SMAD4,D351Y,351,,
SMAD4,D351N,351,,
SMAD4,D351G,351,,
SMAD4,D351H,351,,
SMAD4,D351V,351,,
SMAD4,D351A,351,,
ERBB3,K329E,329,,
ERBB3,K329T,329,,
ERBB3,K329R,329,,
PIK3R1,K567E,567,,
CDKN2A,D108Y,108,,
CDKN2A,D108N,108,,
CDKN2A,D108H,108,,
CDKN2A,D108G,108,,
CDKN2A,D108V,108,,
KIT,V559A,559,,
KIT,V559D,559,,
KIT,V559G,559,,
CDKN2A,D84N,84,,
CDKN2A,D84Y,84,,
CDKN2A,D84G,84,,
CDKN2A,D84V,84,,
CDKN2A,D84A,84,,
CDKN2A,D84D,84,,
MTOR,S2215Y,2215,,
MTOR,S2215F,2215,,
MTOR,S2215T,2215,,
TGFBR2,R553H,553,,
TGFBR2,R553C,553,,
TGFBR2,R553L,553,,
TGFBR2,R553G,553,,
SMAD2,S464Ter,464,,
RHEB,Y35N,35,,
RHEB,Y35C,35,,
RHEB,Y35H,35,,
RHEB,Y35S,35,,
RHEB,Y35Ter,35,,
TP53,sX33_splices,33,,
KIT,L576P,576,,
KIT,V654A,654,,
MTOR,T1977K,1977,,
MTOR,T1977I,1977,,
MTOR,T1977R,1977,,
MTOR,T1977S,1977,,
TP53,F270L,270,,
TP53,F270V,270,,
TP53,F270S,270,,
TP53,F270C,270,,
TP53,F270I,270,,
H3F3A,G35R,35,,
H3F3A,G35V,35,,
H3F3A,G35W,35,,
RRAS2,Q72L,72,,
RRAS2,Q72H,72,,
PTEN,R173H,173,,
PTEN,R173C,173,,
PTEN,R173P,173,,
CREBBP,Y1503H,1503,,
CREBBP,Y1503N,1503,,
CREBBP,Y1503C,1503,,
CREBBP,Y1503D,1503,,
CREBBP,Y1503S,1503,,
TP53,E258Ter,258,,
TP53,E258K,258,,
TP53,E258D,258,,
TP53,E258A,258,,
TP53,E258G,258,,
TP53,E258Q,258,,
TP53,E258E,258,,
TP53,E258V,258,,
PIK3CA,C901F,901,,
GATA3,M293K,293,,
GATA3,M293R,293,,
CTNNB1,N387K,387,,
CTNNB1,N387I,387,,
CTNNB1,N387Y,387,,
ERBB4,Q707E,707,,
ERBB4,Q707Q,707,,
RET,M918T,918,,
CIC,R202W,202,,
CIC,R202Q,202,,
CDKN2A,Q50Ter,50,,
CDKN2A,Q50H,50,,
CDKN2A,Q50R,50,,
FOXA1,F266L,266,,
FOXA1,F266C,266,,
FOXA1,F266F,266,,
FOXA1,F266I,266,,
FOXA1,F266S,266,,
FOXA1,F266V,266,,
ERBB3,A232V,232,,
ERBB3,A232T,232,,
RB1,sX405_splices,405,,
SPOP,W131G,131,,
SPOP,W131C,131,,
SPOP,W131L,131,,
SPOP,W131S,131,,
SPOP,W131R,131,,
SPOP,Y87N,87,,
SPOP,Y87S,87,,
SPOP,Y87C,87,,
SPOP,Y87D,87,,
MTOR,I2500F,2500,,
MTOR,I2500M,2500,,
MTOR,I2500N,2500,,
SMARCB1,R377H,377,,
SMARCB1,R377C,377,,
SMARCB1,R377L,377,,
PIK3CB,D1067V,1067,,
PIK3CB,D1067Y,1067,,
PIK3CB,D1067A,1067,,
PIK3CB,D1067H,1067,,
PIK3R1,sX582_splices,582,,
VHL,sX114_splices,114,,
FGFR3,G370C,370,,
SF3B1,K666T,666,,
SF3B1,K666N,666,,
SF3B1,K666E,666,,
SF3B1,K666M,666,,
SF3B1,K666Q,666,,
VHL,S65Ter,65,,
VHL,S65L,65,,
VHL,S65P,65,,
VHL,S65T,65,,
VHL,S65W,65,,
CDK4,K22M,22,,
CDK4,K22Q,22,,
TP53,F134L,134,,
TP53,F134V,134,,
TP53,F134C,134,,
TP53,F134I,134,,
TP53,F134S,134,,
KIT,W557R,557,,
KIT,W557G,557,,
KIT,W557S,557,,
KIT,W557C,557,,
EGFR,R222C,222,,
EGFR,R222H,222,,
EGFR,R252C,252,,
EGFR,R252H,252,,
EGFR,R252P,252,,
FGFR3,K650E,650,,
FGFR3,K650M,650,,
FGFR3,K650N,650,,
FGFR3,K650T,650,,
SMARCA4,G1232S,1232,,
SMARCA4,G1232C,1232,,
SMARCA4,G1232D,1232,,
SMARCA4,G1232V,1232,,
ARID2,S297F,297,,
ARID2,S297S,297,,
HIST1H1C,A180A,180,,
HIST1H1C,A180P,180,,
ERBB3,G284R,284,,
ERBB2,D769Y,769,,
ERBB2,D769H,769,,
PTEN,sX70_splices,70,,
STK11,E223Ter,223,,
STK11,E223K,223,,
STK11,E223V,223,,
FGFR1,K687E,687,,
FGFR1,K687Ter,687,,
FGFR1,K687K,687,,
FGFR1,K687N,687,,
SOX17,S403I,403,,
VHL,sX155_splices,155,,
NUP93,E14K,14,,
STK11,sX155_splices,155,,
STK11,sX245_splices,245,,
TP53,M246V,246,,
TP53,M246I,246,,
TP53,M246K,246,,
TP53,M246L,246,,
TP53,M246T,246,,
TP53,M246R,246,,
TP53,R110L,110,,
TP53,R110P,110,,
TP53,R110C,110,,
TP53,R110H,110,,
APC,Q1429Ter,1429,,
APC,Q1429R,1429,,
PTEN,C136R,136,,
PTEN,C136F,136,,
PTEN,C136Y,136,,
PTEN,C136Ter,136,,
PTEN,G132D,132,,
PTEN,G132A,132,,
PTEN,G132S,132,,
PTEN,G132V,132,,
CCND1,Y44D,44,,
CCND1,Y44Ter,44,,
CCND1,Y44C,44,,
CCND1,Y44F,44,,
CCND1,Y44H,44,,
CCND1,Y44S,44,,
SMARCA4,R1192C,1192,,
SMARCA4,R1192H,1192,,
SMARCA4,R1192P,1192,,
INPPL1,A1185D,1185,,
SMAD4,P356L,356,,
SMAD4,P356S,356,,
SMAD4,P356R,356,,
SMAD4,P356H,356,,
ERBB3,S846I,846,,
CDKN2A,sX51_splices,51,,
STK11,D194Y,194,,
STK11,D194N,194,,
STK11,D194V,194,,
STK11,D194G,194,,
STK11,D194H,194,,
FBXW7,R658Ter,658,,
FBXW7,R658Q,658,,
FBXW7,R658R,658,,
AR,W742C,742,,
AR,W742L,742,,
TP53,V143M,143,,
TP53,V143A,143,,
TP53,V143G,143,,
TP53,V143E,143,,
CCND1,P287S,287,,
CCND1,P287L,287,,
CCND1,P287A,287,,
CCND1,P287R,287,,
CCND1,P287T,287,,
CIC,R1512H,1512,,
CIC,R1512L,1512,,
CIC,R1512C,1512,,
CIC,R1512S,1512,,
FBXW7,R689W,689,,
FBXW7,R689Q,689,,
MAP2K1,E203K,203,,
MAP2K1,E203V,203,,
FOXA1,I176V,176,,
FOXA1,I176M,176,,
DICER1,E1813G,1813,,
DICER1,E1813Q,1813,,
DICER1,E1813A,1813,,
DICER1,E1813K,1813,,
PTPN11,E76K,76,,
PTPN11,E76G,76,,
PTPN11,E76A,76,,
PTPN11,E76Q,76,,
KNSTRN,S24F,24,,
NF1,R440Ter,440,,
NF1,R440Q,440,,
EGFR,L747L,747,,
EGFR,L747P,747,,
EGFR,L747F,747,,
EGFR,L747S,747,,
ACVR1,G328E,328,,
ACVR1,G328V,328,,
CCND1,T286I,286,,
CCND1,T286A,286,,
VHL,L89H,89,,
VHL,L89P,89,,
VHL,L89L,89,,
NOTCH2,T235S,235,,
CIC,R1515C,1515,,
CIC,R1515H,1515,,
NFE2L2,L30F,30,,
NFE2L2,L30H,30,,
NFE2L2,L30P,30,,
NFE2L2,L30R,30,,
TP53,S127F,127,,
TP53,S127Y,127,,
TP53,S127P,127,,
TP53,S127C,127,,
TP53,S127S,127,,
TP53,S127T,127,,
SF3B1,N626Y,626,,
SF3B1,N626D,626,,
SF3B1,N626H,626,,
EGFR,E709K,709,,
EGFR,E709A,709,,
EGFR,E709Q,709,,
TP53,Q136Ter,136,,
TP53,Q136E,136,,
TP53,Q136P,136,,
TP53,Q136H,136,,
TP53,Q136L,136,,
ERBB3,H228Q,228,,
ERBB3,H228R,228,,
TP53,C277F,277,,
TP53,C277Ter,277,,
TP53,C277Y,277,,
TP53,C277G,277,,
TP53,C277W,277,,
APC,Q1367Ter,1367,,
APC,Q1367E,1367,,
ERCC2,T484A,484,,
ERCC2,T484M,484,,
MYOD1,L122R,122,,
MYOD1,L122L,122,,
MYOD1,L122M,122,,
ERG,R354R,354,,
TP53,W91Ter,91,,
ARID1A,R693Ter,693,,
FOXA1,H247Y,247,,
FOXA1,H247R,247,,
FOXA1,H247Q,247,,
FOXA1,H247L,247,,
GNAS,Q227H,227,,
GNAS,Q227L,227,,
GNAS,Q227K,227,,
PARP1,G500G,500,,
CTNNB1,H36P,36,,
CTNNB1,H36Y,36,,
NFE2L2,W24R,24,,
NFE2L2,W24C,24,,
NFE2L2,W24S,24,,
HRAS,K117N,117,,
HRAS,K117R,117,,
KDM6A,Q555Ter,555,,
TP53,E298Ter,298,,
TP53,E298Q,298,,
ARID1A,R2158Ter,2158,,
ARID1A,R2158Q,2158,,
ARID1A,R2158R,2158,,
B2M,sX23_splices,23,,
ATM,R3008H,3008,,
ATM,R3008C,3008,,
ATM,R3008L,3008,,
EGFR,L62R,62,,
KIT,D820Y,820,,
KIT,D820V,820,,
KIT,D820E,820,,
KIT,D820A,820,,
KIT,D820G,820,,
PTEN,D92E,92,,
PTEN,D92G,92,,
PTEN,D92H,92,,
PTEN,D92N,92,,
PTEN,D92V,92,,
PTEN,D92Y,92,,
NFE2L2,Q26K,26,,
NFE2L2,Q26P,26,,
NFE2L2,Q26H,26,,
NFE2L2,Q26L,26,,
NFE2L2,Q26R,26,,
TET1,P1752P,1752,,
TET1,P1752S,1752,,
FGFR4,V550L,550,,
FGFR4,V550M,550,,
KRAS,A59T,59,,
KRAS,A59G,59,,
KRAS,A59A,59,,
KRAS,A59E,59,,
PTEN,sX343_splices,343,,
DIS3,D488N,488,,
DIS3,D488A,488,,
DIS3,D488G,488,,
DIS3,D488H,488,,
DIS3,D488Y,488,,
CDH1,D254N,254,,
CDH1,D254Y,254,,
CDH1,D254E,254,,
CDKN2A,E88Ter,88,,
CDKN2A,E88K,88,,
CDKN2A,E88E,88,,
MYD88,S243N,243,,
PIK3CA,G1007R,1007,,
PIK3CA,G1007D,1007,,
PTEN,Y68H,68,,
PTEN,Y68Ter,68,,
PTEN,Y68C,68,,
PTEN,Y68N,68,,
GNAQ,T96S,96,,
SETD2,R1625C,1625,,
SETD2,R1625H,1625,,
SETD2,R1625L,1625,,
SETD2,R1625S,1625,,
SDHA,L639V,639,,
PIK3CA,T1025A,1025,,
PIK3CA,T1025S,1025,,
SOS1,N233Y,233,,
PIK3CA,C378F,378,,
PIK3CA,C378R,378,,
PIK3CA,C378Y,378,,
FOXA1,M253K,253,,
FOXA1,M253R,253,,
FOXA1,M253T,253,,
ARID1A,R1276Ter,1276,,
ARID1A,R1276Q,1276,,
PTEN,sX212_splices,212,,
EIF1AX,G9D,9,,
EIF1AX,G9R,9,,
EIF1AX,G9V,9,,
FGFR3,G380R,380,,
FBXW7,R367Ter,367,,
FBXW7,R367P,367,,
TCF7L2,R471C,471,,
TCF7L2,R471H,471,,
TCF7L2,R471S,471,,
RHOA,R5Q,5,,
RHOA,R5W,5,,
RHOA,R5L,5,,
PIK3CA,D350N,350,,
PIK3CA,D350G,350,,
PIK3CA,D350V,350,,
MAP2K1,G128D,128,,
MAP2K1,G128V,128,,
MAP2K1,G128R,128,,
PTEN,H93R,93,,
PTEN,H93Y,93,,
PTEN,H93L,93,,
PTEN,H93P,93,,
SF3B1,K741N,741,,
SF3B1,K741E,741,,
SF3B1,K741Ter,741,,
SF3B1,K741Q,741,,
SF3B1,K741T,741,,
BRAF,L597Q,597,,
BRAF,L597R,597,,
BRAF,L597S,597,,
BRAF,L597L,597,,
BRAF,L597V,597,,
RAC1,A178V,178,,
VHL,S80R,80,,
VHL,S80N,80,,
VHL,S80I,80,,
VHL,S80S,80,,
NF1,R2450Ter,2450,,
NF1,R2450Q,2450,,
RB1,R251Ter,251,,
RB1,R251Q,251,,
RB1,R320Ter,320,,
PIK3CB,E1051K,1051,,
PIK3CB,E1051G,1051,,
ACVR1,R258G,258,,
ACVR1,R258M,258,,
APC,Q1378Ter,1378,,
TP63,R379C,379,,
TP63,R379H,379,,
TP63,R379S,379,,
MAX,H28R,28,,
ERCC2,Y24C,24,,
PTPN11,Q510L,510,,
PTPN11,Q510H,510,,
PTPN11,Q510E,510,,
SMAD4,R445Ter,445,,
SMAD4,R445Q,445,,
RAF1,S259F,259,,
RAF1,S259P,259,,
RAF1,S259C,259,,
RAF1,S259S,259,,
ARAF,S214F,214,,
ARAF,S214A,214,,
ARAF,S214P,214,,
ARAF,S214C,214,,
ARAF,S214S,214,,
ARAF,S214Y,214,,
TP53,G154V,154,,
TP53,G154C,154,,
TP53,G154D,154,,
MYC,P74L,74,,
MYC,P74S,74,,
MYC,P74T,74,,
MYC,P74Q,74,,
MYC,P74R,74,,
TP53,sX332_splices,332,,
ETV6,sX11_splices,11,,
PIK3CA,P104L,104,,
PIK3CA,P104R,104,,
CTCF,R377C,377,,
CTCF,R377H,377,,
TP53,L130V,130,,
TP53,L130F,130,,
TP53,L130R,130,,
TP53,L130P,130,,
TP53,L130H,130,,
STAG2,R216Ter,216,,
STAG2,R216Q,216,,
STAG2,R216R,216,,
FGFR3,S371C,371,,
SF3B1,G742D,742,,
RB1,sX500_splices,500,,
CDK6,L65L,65,,
TP53,Q317Ter,317,,
TGFBR1,S241L,241,,
TGFBR1,S241S,241,,
TGFBR1,S241Ter,241,,
CDKN2A,E120Ter,120,,
CDKN2A,E120D,120,,
CDKN2A,E120K,120,,
PAX5,V26G,26,,
STAT3,H410R,410,,
STAT3,H410P,410,,
TP63,sX194_splices,194,,
FBXW7,S582L,582,,
FBXW7,S582P,582,,
FBXW7,S582S,582,,
RHOA,A161V,161,,
RHOA,A161T,161,,
EP300,Y1414C,1414,,
EP300,Y1414D,1414,,
ERBB3,E332K,332,,
ERBB3,E332Q,332,,
EP300,W1466L,1466,,
EP300,W1466C,1466,,
EP300,W1466Ter,1466,,
EP300,W1466G,1466,,
EP300,W1466R,1466,,
EP300,Y1467D,1467,,
EP300,Y1467N,1467,,
EP300,Y1467C,1467,,
EP300,Y1467H,1467,,
EP300,Y1467K,1467,,
EP300,Y1467S,1467,,
MET,V1070A,1070,,
MET,V1070E,1070,,
MET,V1070R,1070,,
MET,M1250T,1250,,
ATM,R250Ter,250,,
ATM,R250P,250,,
PIK3CA,M1V,1,,
SDHA,S445S,445,,
SDHA,S445L,445,,
SMAD4,G419W,419,,
SMAD4,G419V,419,,
SMAD4,G419R,419,,
PIK3R1,R348Ter,348,,
SMARCA4,M781I,781,,
SMARCA4,M781V,781,,
SMARCA4,M781L,781,,
FOXA1,R261G,261,,
FOXA1,R261C,261,,
FOXA1,R261H,261,,
FOXA1,R261S,261,,
FBXW7,Y545C,545,,
FBXW7,Y545Ter,545,,
ERBB4,L798R,798,,
ERBB4,L798P,798,,
ERBB4,L798H,798,,
ERBB4,L798L,798,,
VHL,S111N,111,,
VHL,S111R,111,,
VHL,S111P,111,,
VHL,S111S,111,,
KIT,Y823D,823,,
KIT,Y823C,823,,
RB1,sX474_splices,474,,
BCL6,R594Q,594,,
BCL6,R594G,594,,
CDH1,sX278_splices,278,,
ARID1A,R1721Ter,1721,,
U2AF1,Q157P,157,,
U2AF1,Q157R,157,,
ATM,N2875S,2875,,
ATM,N2875T,2875,,
ATM,N2875K,2875,,
PTPN11,E69K,69,,
PTPN11,E69D,69,,
FUBP1,R430C,430,,
FUBP1,R430H,430,,
MTOR,F1888I,1888,,
MTOR,F1888L,1888,,
MTOR,F1888V,1888,,
MTOR,L2427Q,2427,,
MTOR,L2427R,2427,,
FBXW7,G423V,423,,
FBXW7,G423Ter,423,,
FBXW7,G423A,423,,
CDKN2A,sX153_splices,153,,
APC,E1397Ter,1397,,
APC,Y935Ter,935,,
EPAS1,P531L,531,,
EPAS1,P531A,531,,
EPAS1,P531S,531,,
PTEN,Y27D,27,,
PTEN,Y27C,27,,
PTEN,Y27N,27,,
PTEN,Y27Ter,27,,
PTEN,Y27H,27,,
VHL,N78S,78,,
VHL,N78D,78,,
VHL,N78Y,78,,
VHL,N78K,78,,
ACVR1,R206H,206,,
AKT1,L52R,52,,
AKT1,L52H,52,,
IL7R,K395R,395,,
IL7R,K395T,395,,
IL7R,K395K,395,,
IL7R,K395N,395,,
IL7R,K395M,395,,
SMARCA4,R1189Q,1189,,
SMARCA4,R1189G,1189,,
SMARCA4,R1189Ter,1189,,
SMARCA4,R1189L,1189,,
PTPN11,G503V,503,,
PTPN11,G503G,503,,
ARID1A,G2087R,2087,,
ARID1A,G2087E,2087,,
CASP8,R292W,292,,
CASP8,R292Q,292,,
TP53,P152L,152,,
TP53,P152P,152,,
TP53,P152R,152,,
TP53,P152S,152,,
TP53,P152T,152,,
TP53,P152K,152,,
TP53,P152Q,152,,
STK11,sX307_splices,307,,
RB1,R552Ter,552,,
ARID1A,R1335Ter,1335,,
MTOR,E1799K,1799,,
KMT2D,R5179H,5179,,
KMT2D,R5179C,5179,,
KMT2D,R5179L,5179,,
KMT2D,R5179P,5179,,
EZH2,K515R,515,,
ERBB3,M91I,91,,
PBRM1,R1160Ter,1160,,
PBRM1,R1160P,1160,,
PBRM1,R1160Q,1160,,
SPOP,M117V,117,,
PIK3CD,E1021K,1021,,
TP53,H168R,168,,
TP53,H168L,168,,
TP53,H168P,168,,
TP53,H168Y,168,,
CCND3,I290K,290,,
CCND3,I290R,290,,
TP53,W146Ter,146,,
TP53,W146C,146,,
TP53,W146G,146,,
TP53,W146S,146,,
TP53,R267W,267,,
TP53,R267P,267,,
TP53,R267L,267,,
TP53,R267Q,267,,
TP53,R267G,267,,
TP53,R267R,267,,
TP53,A161T,161,,
TP53,A161D,161,,
TP53,A161S,161,,
TP53,A161V,161,,
TP53,A161P,161,,
SMO,L412F,412,,
SMO,L412L,412,,
RB1,sX830_splices,830,,
PIK3CA,E365K,365,,
PIK3CA,E365V,365,,
CTCF,R448Ter,448,,
EP300,sX1429_splices,1429,,
PRKCI,R480C,480,,
PRKCI,R480S,480,,
PRKCI,R480H,480,,
PIK3R2,G373R,373,,
PIK3R2,D557Y,557,,
PIK3R2,D557N,557,,
PIK3R2,D557G,557,,
PIK3R2,D557H,557,,
SMAD4,G352E,352,,
SMAD4,G352R,352,,
SMAD4,G352A,352,,
SMAD4,G352Ter,352,,
SMAD4,G352L,352,,
SMAD4,G352V,352,,
PTPRT,E548K,548,,
PTPRT,E548G,548,,
TP53,K164E,164,,
TP53,K164Ter,164,,
MET,F1200I,1200,,
MET,F1200V,1200,,
ERCC2,Y72C,72,,
CTCF,Y226C,226,,
RHOA,E47K,47,,
APC,Q1406Ter,1406,,
APC,Q1406H,1406,,
SMAD4,Q534Ter,534,,
SMAD4,Q534P,534,,
ERBB2,L869R,869,,
STK11,S216F,216,,
STK11,S216S,216,,
KNSTRN,V12G,12,,
KNSTRN,V12V,12,,
CTNNB1,I35S,35,,
CTNNB1,I35I,35,,
TP53,Q144Ter,144,,
TP53,Q144P,144,,
TP53,Q144L,144,,
TP53,Q144H,144,,
MET,Y1230H,1230,,
MET,Y1230C,1230,,
MET,Y1230S,1230,,
TP53,F109S,109,,
TP53,F109C,109,,
TP53,F109V,109,,
TP53,F109F,109,,
TP53,F109I,109,,
KIT,V560D,560,,
KIT,V560V,560,,
KIT,V560A,560,,
KIT,V560G,560,,
TP53,G105C,105,,
TP53,G105V,105,,
TP53,G105D,105,,
TP53,G105R,105,,
TP53,G105S,105,,
TP53,G105G,105,,
APC,Q1338Ter,1338,,
SMAD4,E330K,330,,
SMAD4,E330G,330,,
SMAD4,E330Q,330,,
SMAD4,E330Ter,330,,
TP53,T125M,125,,
TP53,T125R,125,,
TP53,T125K,125,,
TP53,T125P,125,,
TP53,T125A,125,,
PTEN,G127E,127,,
PTEN,G127R,127,,
PTEN,G127V,127,,
PTEN,G127Ter,127,,
STK11,G242V,242,,
STK11,G242W,242,,
STK11,G242G,242,,
STK11,G242R,242,,
MYC,S161L,161,,
KRAS,L19F,19,,
RB1,sX654_splices,654,,
PIK3CA,R115L,115,,
PIK3CA,R115P,115,,
PIK3CA,R115Q,115,,
TP53,E294Ter,294,,
PREX2,L50V,50,,
PREX2,L50L,50,,
HIST1H3C,K37M,37,,
HIST1H3C,K37K,37,,
RHOA,Y34C,34,,
RHOA,Y34F,34,,
SMARCA4,R1243W,1243,,
SMARCA4,R1243G,1243,,
SMARCA4,R1243L,1243,,
SMARCA4,R1243P,1243,,
RB1,sX445_splices,445,,
TP53,Q167Ter,167,,
RHOA,L57V,57,,
PTEN,sX268_splices,268,,
VHL,D121Y,121,,
VHL,D121G,121,,
VHL,D121V,121,,
CDH1,sX177_splices,177,,
FBXW7,D520N,520,,
FBXW7,D520Y,520,,
FBXW7,D520G,520,,
FBXW7,D520H,520,,
FBXW7,D520V,520,,
RUNX1,R201Ter,201,,
RUNX1,R201Q,201,,
RUNX1,R201G,201,,
VHL,W88Ter,88,,
VHL,W88L,88,,
VHL,W88R,88,,
PTEN,G129E,129,,
PTEN,G129R,129,,
PTEN,G129G,129,,
PTEN,G129V,129,,
PTEN,G129Ter,129,,
TP53,P250L,250,,
TP53,P250P,250,,
TP53,P250R,250,,
CDKN2A,L130Q,130,,
CDKN2A,L130R,130,,
CDKN2A,L130V,130,,
CDKN2A,Y129Ter,129,,
CDKN2A,Y129C,129,,
CDH1,sX440_splices,440,,
STK11,Q220Ter,220,,
STK11,Q220P,220,,
NOTCH2,R2400Ter,2400,,
EGFR,H304Y,304,,
EGFR,T363I,363,,
EGFR,T363A,363,,
EGFR,T363N,363,,
TP53,E271K,271,,
TP53,E271Ter,271,,
TP53,E271Q,271,,
TP53,E271V,271,,
VHL,S68Ter,68,,
VHL,S68P,68,,
RHOA,E40Q,40,,
RHOA,E40K,40,,
RHOA,E40Ter,40,,
RHOA,E40D,40,,
RHOA,E40V,40,,
VHL,L158V,158,,
VHL,L158P,158,,
VHL,L158L,158,,
VHL,L158Q,158,,
VHL,P86S,86,,
VHL,P86L,86,,
VHL,P86T,86,,
VHL,P86R,86,,
VHL,V74D,74,,
VHL,V74G,74,,
VHL,V74V,74,,
DICER1,D1810N,1810,,
DICER1,D1810V,1810,,
DICER1,D1810Y,1810,,
DICER1,D1810A,1810,,
DICER1,D1810H,1810,,
PIK3CA,N107S,107,,
PIK3CA,N107I,107,,
PIK3CA,N107N,107,,
ASXL2,E330K,330,,
ASXL2,E330Q,330,,
ASXL2,E330D,330,,
PAK7,M173I,173,,
MAP2K2,F57L,57,,
MAP2K2,F57V,57,,
IRF4,K123R,123,,
PIM1,S97N,97,,
PIM1,S97S,97,,
PIM1,S97R,97,,
PIM1,S97T,97,,
APC,E1353Ter,1353,,
PBRM1,R710Ter,710,,
PBRM1,R710G,710,,
RUNX1,R162G,162,,
RUNX1,R162K,162,,
RUNX1,R162S,162,,
B2M,L12P,12,,
B2M,L12Q,12,,
B2M,L12L,12,,
TP53,sX32_splices,32,,
SUZ12,R101Ter,101,,
SUZ12,R101Q,101,,
KEAP1,R260L,260,,
KEAP1,R260Q,260,,
KEAP1,R260Ter,260,,
MTOR,C1483F,1483,,
MTOR,C1483R,1483,,
MTOR,C1483Y,1483,,
MTOR,C1483W,1483,,
EGFR,P596L,596,,
EGFR,P596S,596,,
EGFR,P596P,596,,
EGFR,P596R,596,,
EIF1AX,G15D,15,,
EIF1AX,G15G,15,,
EIF1AX,G15V,15,,
MTOR,V2006F,2006,,
MTOR,V2006I,2006,,
MTOR,V2006L,2006,,
MTOR,V2006V,2006,,
ERBB3,T355I,355,,
ERBB3,T355A,355,,
ERBB3,T355P,355,,
NRAS,G60G,60,,
NRAS,G60E,60,,
NRAS,G60V,60,,
XPO1,R749Q,749,,
XPO1,R749Ter,749,,
NOTCH1,F853C,853,,
NOTCH1,F853I,853,,
EIF1AX,R13H,13,,
EIF1AX,R13L,13,,
EIF1AX,R13C,13,,
EIF1AX,R13G,13,,
EIF1AX,R13P,13,,
RB1,sX127_splices,127,,
RB1,R579Ter,579,,
PIM1,G28D,28,,
PIM1,G28A,28,,
PIM1,G28V,28,,
SF3B1,G740E,740,,
SF3B1,G740V,740,,
SPOP,F125L,125,,
SPOP,F125C,125,,
SPOP,F125I,125,,
SPOP,F125V,125,,
KDM6A,sX1336_splices,1336,,
ATRX,R1426Ter,1426,,
ATRX,R1426R,1426,,
RB1,sX203_splices,203,,
TP53,V172F,172,,
TP53,V172D,172,,
TP53,V172G,172,,
ERBB2,G776V,776,,
ERBB2,G776S,776,,
CTCF,H284Y,284,,
CTCF,H284N,284,,
CTCF,H284P,284,,
SMAD4,E526Ter,526,,
SMAD4,E526K,526,,
SMAD4,E526Q,526,,
SMAD4,E526A,526,,
SMAD4,E526D,526,,
SMAD4,E526V,526,,
SMAD4,D355G,355,,
SMAD4,D355V,355,,
SMAD4,D355Y,355,,
ERCC2,S246Y,246,,
ERCC2,S246F,246,,
ERCC2,S246S,246,,
IRF4,C99R,99,,
IRF4,C99C,99,,
IRF4,C99Y,99,,
FGFR2,R203H,203,,
FGFR2,R203C,203,,
STAT3,S614R,614,,
CIC,R201W,201,,
CIC,R201R,201,,
PDGFRA,E229K,229,,
PDGFRA,E229Ter,229,,
PDGFRA,E229V,229,,
FOXO1,S22P,22,,
FOXO1,S22W,22,,
FOXO1,S22S,22,,
ERBB2,V659E,659,,
ERBB2,V659V,659,,
ERBB2,V659D,659,,
MAP2K1,C121S,121,,
MAP2K1,C121C,121,,
TP53,T155N,155,,
TP53,T155P,155,,
TP53,T155I,155,,
TP53,T155T,155,,
PTPRD,S431L,431,,
PTPRD,S431Ter,431,,
PTPRD,S431S,431,,
CASP8,R127Q,127,,
CASP8,R127Ter,127,,
RNF43,H86R,86,,
RNF43,H86Y,86,,
BRAF,L485W,485,,
BRAF,L485Ter,485,,
BRAF,L485F,485,,
BRAF,L485S,485,,
BCL2,A131D,131,,
BCL2,A131T,131,,
BCL2,A131V,131,,
STK11,sX288_splices,288,,
CTNNB1,W383R,383,,
CTNNB1,W383C,383,,
CTNNB1,W383G,383,,
CTNNB1,W383S,383,,
PTEN,A126S,126,,
PTEN,A126D,126,,
PTEN,A126V,126,,
PTEN,A126G,126,,
PTEN,C105Y,105,,
PTEN,C105Ter,105,,
PTEN,C105G,105,,
PTEN,C105R,105,,
PTEN,C105S,105,,
PTEN,C105W,105,,
TGFBR2,D471N,471,,
TGFBR2,D471V,471,,
TGFBR2,D471Y,471,,
PTEN,C124S,124,,
PTEN,C124Y,124,,
PTEN,C124G,124,,
PTEN,C124R,124,,
PTPRT,L668V,668,,
PTPRT,L668L,668,,
RAC1,N111K,111,,
RAC1,N111I,111,,
RAC1,N111S,111,,
GATA2,C352Ter,352,,
GATA2,C352C,352,,
GATA2,C352F,352,,
GATA2,C352R,352,,
MAP2K1,Y130C,130,,
MAP2K1,Y130H,130,,
MAP2K1,Y130N,130,,
TP53,W53Ter,53,,
TP53,Q331Ter,331,,
TP53,Q331H,331,,
NFE2L2,D77G,77,,
NFE2L2,D77H,77,,
NFE2L2,D77V,77,,
NFE2L2,D77Y,77,,
EGFR,T263P,263,,
EGFR,T263I,263,,
MTOR,M2327I,2327,,
MTOR,M2327V,2327,,
DNMT1,E51K,51,,
SETD2,Y1666C,1666,,
SETD2,Y1666Ter,1666,,
SETD2,Y1666H,1666,,
RHOA,G62E,62,,
RHOA,G62R,62,,
RHOA,G62V,62,,
RB1,sX46_splices,46,,
BRAF,G596R,596,,
BRAF,G596C,596,,
BRAF,G596D,596,,
BRAF,G596S,596,,
BRAF,G596V,596,,
EP300,C1164Y,1164,,
EP300,C1164S,1164,,
PTEN,R335Ter,335,,
PTEN,R335G,335,,
PTEN,R335P,335,,
FGFR2,Y375C,375,,
MST1,G673S,673,,
MAP2K1,T386T,386,,
MAP3K1,S1330L,1330,,
MAP3K1,S1330W,1330,,
FOXA1,S250F,250,,
FOXA1,S250Y,250,,
SMAD4,W524C,524,,
SMAD4,W524L,524,,
SMAD4,W524R,524,,
SMAD4,W524S,524,,
TP53,L257Q,257,,
TP53,L257P,257,,
TP53,L257R,257,,
TP53,L257L,257,,
TP53,L257V,257,,
STK11,sX97_splices,97,,
VHL,R161Ter,161,,
VHL,R161Q,161,,
VHL,R161L,161,,
KEAP1,R470C,470,,
KEAP1,R470H,470,,
KEAP1,R470S,470,,
ARAF,P216L,216,,
ARAF,P216R,216,,
GNAQ,R183Q,183,,
GNAQ,R183Ter,183,,
RB1,sX702_splices,702,,
EP300,H1451H,1451,,
EP300,H1451L,1451,,
EP300,H1451P,1451,,
EP300,H1451Q,1451,,
EP300,H1451R,1451,,
PTEN,G165E,165,,
PTEN,G165R,165,,
PTEN,G165Ter,165,,
PTEN,sX85_splices,85,,
RHOA,T37I,37,,
RHOA,T37A,37,,
RHOA,T37S,37,,
SMAD4,C363F,363,,
SMAD4,C363R,363,,
SMAD4,C363S,363,,
SMAD4,C363Y,363,,
RAC1,G12R,12,,
RAC1,G12V,12,,
ARID1A,R1722Ter,1722,,
FOXO1,S205N,205,,
FOXO1,S205S,205,,
FOXO1,S205Y,205,,
KRAS,A11A,11,,
KRAS,A11T,11,,
APC,E1408Ter,1408,,
GSK3B,sX239_splices,239,,
RB1,sX605_splices,605,,
CIC,S231N,231,,
CIC,S231G,231,,
CIC,S231I,231,,
FAT1,R1627Ter,1627,,
FAT1,R1627Q,1627,,
SOCS1,A3T,3,,
SOCS1,A3E,3,,
SOCS1,A3P,3,,
SOCS1,A3R,3,,
AKT1,Q79K,79,,
FBXW7,R278Ter,278,,
PTEN,Q171Ter,171,,
PTEN,Q171R,171,,
PTEN,Q171K,171,,
VHL,I151N,151,,
VHL,I151T,151,,
VHL,I151F,151,,
VHL,I151S,151,,
U2AF1,I24T,24,,
U2AF1,I24V,24,,
BCL2,K22K,22,,
BCL2,K22Ter,22,,
BCL2,K22R,22,,
PIK3CA,M1004I,1004,,
PIK3CA,M1004V,1004,,
ASXL2,M1T,1,,
ASXL2,M1I,1,,
ALK,F1245I,1245,,
ALK,F1245V,1245,,
PTEN,Y155C,155,,
PTEN,Y155H,155,,
HNF1A,G288G,288,,
FBXW7,R224Ter,224,,
FBXW7,R224Q,224,,
TP53,N131I,131,,
TP53,N131S,131,,
TP53,N131K,131,,
TP53,N131N,131,,
TP53,L265P,265,,
TP53,L265L,265,,
TP53,L265R,265,,
TP53,L265M,265,,
CUL3,M299R,299,,
CUL3,M299V,299,,
TP53,Q192Ter,192,,
TP53,Q192H,192,,
TP53,Q192L,192,,
CHEK2,R346C,346,,
CHEK2,R346G,346,,
CHEK2,R346S,346,,
CHEK2,R346H,346,,
PIK3CA,E39K,39,,
PIK3CA,E39G,39,,
STK11,H174H,174,,
STK11,H174D,174,,
STK11,H174L,174,,
STK11,H174R,174,,
STK11,H174Y,174,,
EGFR,A750A,750,,
EGFR,A750P,750,,
FBXW7,T532P,532,,
FBXW7,T532I,532,,
CREBBP,D1435G,1435,,
CREBBP,D1435H,1435,,
CREBBP,D1435N,1435,,
CREBBP,D1435Y,1435,,
SRSF2,P95L,95,,
SRSF2,P95H,95,,
SRSF2,P95R,95,,
VHL,C162Y,162,,
VHL,C162R,162,,
VHL,C162Ter,162,,
VHL,C162F,162,,
VHL,C162W,162,,
CARD11,K215T,215,,
CARD11,K215M,215,,
CARD11,K215N,215,,
DIS3,R780K,780,,
DIS3,R780T,780,,
DIS3,R780G,780,,
DIS3,R780S,780,,
PDPK1,P499S,499,,
PDPK1,P499L,499,,
ARID1A,R1461Ter,1461,,
ARID1A,R1461Q,1461,,
PIK3CA,C604R,604,,
FOXA1,Y259C,259,,
FOXA1,Y259S,259,,
FOXA1,Y259F,259,,
TP53,E198Ter,198,,
PTEN,sX342_splices,342,,
STK11,N181I,181,,
STK11,N181S,181,,
STK11,N181T,181,,
STK11,N181Y,181,,
PTEN,M35I,35,,
PTEN,M35V,35,,
PTEN,M35L,35,,
MYC,T73I,73,,
MYC,T73P,73,,
MYC,T73A,73,,
CDH1,D288V,288,,
CDH1,D288N,288,,
DNMT3B,V229M,229,,
DNMT3B,V229V,229,,
DNMT3B,V229L,229,,
ERCC2,Y14C,14,,
FOXP1,R514H,514,,
FOXP1,R514C,514,,
KRAS,Q22K,22,,
KRAS,Q22H,22,,
RICTOR,S1101L,1101,,
RICTOR,S1101S,1101,,
PTPRT,L695F,695,,
PTPRT,L695L,695,,
PTPRT,L695R,695,,
TP53,G262V,262,,
EIF1AX,G6D,6,,
EIF1AX,G6C,6,,
EIF1AX,G6R,6,,
EIF1AX,G6S,6,,
PTEN,S170N,170,,
PTEN,S170G,170,,
PTEN,S170I,170,,
FOXA1,S242C,242,,
FOXA1,S242F,242,,
FOXA1,S242Y,242,,
DNAJB1,L190L,190,,
TP53,F113C,113,,
TP53,F113V,113,,
TP53,F113S,113,,
TP53,F113F,113,,
TP53,F113L,113,,
TP53,F113P,113,,
RAD50,D69Y,69,,
RAD50,D69N,69,,
GNAS,R160C,160,,
GNAS,R160H,160,,
GNAS,R160P,160,,
FGFR4,N535K,535,,
PPP6C,S270L,270,,
PIK3CA,P471L,471,,
PIK3CA,P471A,471,,
CREBBP,Y1450D,1450,,
CREBBP,Y1450N,1450,,
CREBBP,Y1450C,1450,,
RB1,sX89_splices,89,,
KMT2D,L1375L,1375,,
KMT2D,L1375I,1375,,
ERCC2,P463L,463,,
ERCC2,P463Q,463,,
ERCC2,P463S,463,,
APC,E1379Ter,1379,,
CYSLTR2,L129Q,129,,
IL7R,I241V,241,,
IL7R,I241F,241,,
IL7R,I241L,241,,
IL7R,I241M,241,,
SMARCA4,R1135W,1135,,
SMARCA4,R1135Q,1135,,
KEAP1,G480W,480,,
KEAP1,G480G,480,,
KEAP1,G480V,480,,
VHL,G114A,114,,
VHL,G114R,114,,
VHL,G114C,114,,
KMT2D,R1903Ter,1903,,
KMT2D,R1903R,1903,,
MAP3K1,L380S,380,,
PDGFRA,N659K,659,,
PDGFRA,N659S,659,,
PDGFRA,N659Y,659,,
ERCC2,D609E,609,,
ERCC2,D609G,609,,
ERCC2,E606Q,606,,
ERCC2,E606G,606,,
BCL10,L174Ter,174,,
PIK3CA,D939G,939,,
MAP2K1,Q56P,56,,
CDH1,sX722_splices,722,,
CDH1,R335Ter,335,,
CDH1,R335Q,335,,
CIC,N205S,205,,
KDM6A,sX1293_splices,1293,,
SOX17,A96G,96,,
SMAD4,L536P,536,,
SMAD4,L536Q,536,,
SMAD4,L536R,536,,
PIK3CA,T1052K,1052,,
PTEN,Y178Ter,178,,
PTEN,Y178C,178,,
PTEN,Y178H,178,,
KEAP1,M110I,110,,
KEAP1,M110V,110,,
KEAP1,R272C,272,,
KEAP1,R272H,272,,
KEAP1,R272P,272,,
KEAP1,R272L,272,,
NF1,R1241Ter,1241,,
GATA3,R364S,364,,
GATA3,R364T,364,,
GATA3,R364G,364,,
JUN,E112K,112,,
JUN,E112Q,112,,
CTCF,S354F,354,,
CTCF,S354Y,354,,
RB1,R455Ter,455,,
ALK,R401Ter,401,,
ALK,R401L,401,,
ALK,R401Q,401,,
ARID2,R314C,314,,
ARID2,R314S,314,,
MED12,V1223L,1223,,
MED12,V1223V,1223,,
KLF4,K409Q,409,,
KLF4,K409N,409,,
STK11,E165Ter,165,,
STK11,E165Q,165,,
STK11,E165K,165,,
AKT3,E17K,17,,
AKT3,E17Ter,17,,
CARD11,L251P,251,,
STK11,P221L,221,,
STK11,P221P,221,,
STK11,P221S,221,,
TP53,L111P,111,,
TP53,L111R,111,,
TP53,L111Q,111,,
TP53,L111M,111,,
TP53,Q104Ter,104,,
TP53,Q104H,104,,
SESN2,I425V,425,,
MAP2K4,S184L,184,,
MAP2K4,S184S,184,,
MAP2K4,S184W,184,,
SMARCA4,R973Q,973,,
SMARCA4,R973W,973,,
ERBB2,G660D,660,,
ERBB2,G660G,660,,
ERBB2,G660R,660,,
NCOA3,R80C,80,,
NCOA3,R80H,80,,
FOXA1,D226N,226,,
FOXA1,D226G,226,,
FOXP1,sX511_splices,511,,
PIK3R1,K379E,379,,
PIK3R1,K379N,379,,
ERBB2,R103Q,103,,
PIM1,K24N,24,,
PIM1,K24K,24,,
PTEN,D24G,24,,
PTEN,D24E,24,,
PTEN,D24H,24,,
PTEN,D24V,24,,
PTEN,D24N,24,,
KRAS,D33E,33,,
PTEN,Y336Ter,336,,
PTEN,P38S,38,,
PTEN,P38L,38,,
PTEN,P38F,38,,
AXL,A273V,273,,
AXL,A273P,273,,
KDR,R1032Q,1032,,
KDR,R1032Ter,1032,,
KDR,S1037S,1037,,
KDR,S1037L,1037,,
KDR,S1037T,1037,,
TP53,D259Y,259,,
TP53,D259V,259,,
TP53,D259H,259,,
TP53,D259N,259,,
TP53,D259D,259,,
GNA11,R183C,183,,
GNA11,R183H,183,,
GNA11,R183R,183,,
CDKN2A,P48L,48,,
CDKN2A,P48R,48,,
RB1,sX776_splices,776,,
DIS3,D479Y,479,,
DIS3,D479G,479,,
DIS3,D479H,479,,
DIS3,D479V,479,,
KMT2D,R2685Ter,2685,,
KMT2D,R2685R,2685,,
RB1,R467Ter,467,,
PIK3CA,H1065Y,1065,,
PIK3CA,H1065L,1065,,
PIK3R1,D560G,560,,
PIK3R1,D560H,560,,
PIK3R1,D560Y,560,,
PIK3R1,D560N,560,,
MGA,R1242Ter,1242,,
TP63,E609K,609,,
TP53,I251F,251,,
TP53,I251N,251,,
TP53,I251S,251,,
TP53,I251I,251,,
TP53,I251M,251,,
PIK3CA,G364R,364,,
PIK3CA,G364A,364,,
CDKN2A,N42H,42,,
CDKN2A,N42I,42,,
CDKN2A,N42K,42,,
CDKN2A,N42Y,42,,
DIS3,R689Q,689,,
DIS3,R689G,689,,
DIS3,L767F,767,,
DIS3,R382Q,382,,
DIS3,R382G,382,,
HIST1H3B,E51K,51,,
HIST1H3B,E51E,51,,
HIST1H3B,E51Q,51,,
HIST1H3B,E51D,51,,
PTEN,Y16Ter,16,,
PTEN,Y16D,16,,
PTEN,Y16Y,16,,
GLI1,R380Q,380,,
GLI1,R380Ter,380,,
GLI1,R380R,380,,
ATM,L2890P,2890,,
ATM,L2890I,2890,,
ATM,L2890R,2890,,
ATM,L2890V,2890,,
JAK1,L910L,910,,
JAK1,L910P,910,,
JAK1,L910S,910,,
EGFR,L838M,838,,
EGFR,L838P,838,,
RAC1,Q61K,61,,
RAC1,Q61R,61,,
EIF1AX,P2L,2,,
EIF1AX,P2S,2,,
EIF1AX,P2P,2,,
CASP8,R491Ter,491,,
CASP8,R491Q,491,,
VHL,H115N,115,,
VHL,H115Y,115,,
VHL,H115Q,115,,
MAP2K4,sX297_splices,297,,
MAP2K4,R134W,134,,
MAP2K4,R134L,134,,
MAP2K4,R134Q,134,,
BCL6,R618C,618,,
BCL6,R618H,618,,
ERBB2,D277Y,277,,
ERBB2,D277H,277,,
ERBB2,D277G,277,,
ERBB2,D277V,277,,
PTEN,Y346Ter,346,,
PTEN,Y346D,346,,
PTEN,Y346C,346,,
PTEN,Y346H,346,,
PTEN,Y177Ter,177,,
PTEN,Y177C,177,,
PTEN,Y177D,177,,
PTEN,Y177F,177,,
B2M,L7Ter,7,,
B2M,L7S,7,,
FBXW7,E287D,287,,
FBXW7,E287Q,287,,
FBXW7,E287V,287,,
FBXW7,E287K,287,,
STK11,K84Ter,84,,
FOXL2,E118K,118,,
FOXL2,E118Q,118,,
APC,R213Ter,213,,
APC,Q1303Ter,1303,,
APC,Q1294Ter,1294,,
APC,Q1328Ter,1328,,
EGFR,K754E,754,,
EGFR,K754I,754,,
EGFR,K754K,754,,
TP63,S365L,365,,
TP63,S365S,365,,
TP63,S365Ter,365,,
EPHB1,R743W,743,,
EPHB1,R743Q,743,,
EPHB1,R743R,743,,
PTPN11,N308D,308,,
PTPN11,N308S,308,,
PTPN11,F285S,285,,
PTPN11,F285V,285,,
PIK3CA,C90G,90,,
PIK3CA,C90R,90,,
PIK3CA,C90S,90,,
PIK3CA,C90Y,90,,
SF3B1,D894G,894,,
SF3B1,D894N,894,,
SF3B1,D894A,894,,
SF3B1,D894Y,894,,
RB1,R787Ter,787,,
RB1,R787Q,787,,
SDHA,V644M,644,,
SDHA,V644L,644,,
PIM1,Q37H,37,,
PIM1,Q37Q,37,,
CIC,W238Ter,238,,
CIC,W238R,238,,
RIT1,M90I,90,,
ERBB2,T862A,862,,
SMAD4,D493N,493,,
SMAD4,D493G,493,,
SMAD4,D493A,493,,
SMAD4,D493H,493,,
MTOR,A1971T,1971,,
MTOR,A1971P,1971,,
MTOR,A1971S,1971,,
HLA-B,E69A,69,,
HLA-B,E69K,69,,
PTEN,W111Ter,111,,
PTEN,W111G,111,,
PTEN,W111R,111,,
PTEN,W111S,111,,
PTEN,C71Y,71,,
PTEN,C71Ter,71,,
PTEN,C71F,71,,
TNFRSF14,M1I,1,,
TNFRSF14,M1K,1,,
TNFRSF14,M1T,1,,
RB1,R445Ter,445,,
HIST1H3B,E106K,106,,
HIST1H3B,E106Q,106,,
HIST1H3B,E106E,106,,
EGFR,L833F,833,,
EGFR,L833V,833,,
EGFR,L833M,833,,
FOXO1,T24I,24,,
FOXO1,T24M,24,,
CDKN2A,S12Ter,12,,
CDKN2A,S12L,12,,
EP300,sX1539_splices,1539,,
CREBBP,W1502C,1502,,
CREBBP,W1502Ter,1502,,
CREBBP,W1502L,1502,,
CREBBP,W1502R,1502,,
ERBB3,F219L,219,,
ERBB3,F219C,219,,
HLA-A,L180L,180,,
CTNNB1,K292E,292,,
CTNNB1,K292T,292,,
FOXP1,S448L,448,,
FOXP1,S448S,448,,
MTOR,L1460P,1460,,
RNF43,R371Ter,371,,
KDM6A,G526Ter,526,,
KDM6A,G526E,526,,
KDM6A,G526G,526,,
KDM6A,G526V,526,,
ATM,R1466Ter,1466,,
ATM,R1466Q,1466,,
ATM,R1466P,1466,,
CARD11,D357V,357,,
CARD11,D357N,357,,
PRDM14,F204F,204,,
PRDM14,F204V,204,,
IGF1R,G129A,129,,
IGF1R,G129G,129,,
IGF1R,G129R,129,,
ERBB4,K1002T,1002,,
ERBB4,K1002R,1002,,
ERBB4,K1223T,1223,,
ERBB4,K1223R,1223,,
ERBB4,K1223M,1223,,
SMO,W535L,535,,
GPS2,sX242_splices,242,,
NSD1,F392F,392,,
RARA,F286S,286,,
RARA,F286C,286,,
RARA,F286I,286,,
FBXW7,R14Q,14,,
FBXW7,R14Ter,14,,
FBXW7,G437V,437,,
FBXW7,G437Ter,437,,
FBXW7,G437E,437,,
FBXW7,G437G,437,,
TP53,D208V,208,,
TP53,D208G,208,,
TP53,D208N,208,,
TP53,D208E,208,,
PIK3CA,P539R,539,,
DICER1,D1709N,1709,,
CRLF2,S128L,128,,
CRLF2,S128S,128,,
RIT1,F82L,82,,
RIT1,F82C,82,,
MYD88,M232T,232,,
PIK3R1,Y452C,452,,
PIK3R1,Y452H,452,,
PIK3R1,Y452N,452,,
KEAP1,G333C,333,,
KEAP1,G333S,333,,
KEAP1,G333F,333,,
BCL2,G33R,33,,
BCL2,G33G,33,,
RBM10,R153Ter,153,,
RBM10,R153G,153,,
GATA3,R366Ter,366,,
GATA3,R366Q,366,,
TP53,N247I,247,,
TP53,N247N,247,,
TP53,R181C,181,,
TP53,R181H,181,,
TP53,R181P,181,,
RHOA,L22R,22,,
RHOA,L22L,22,,
RHOA,L22P,22,,
STK11,P179L,179,,
STK11,P179Q,179,,
STK11,P179R,179,,
ATRX,sX199_splices,199,,
PTEN,L140Ter,140,,
PTEN,L140F,140,,
STAT3,F384L,384,,
STAT3,F384V,384,,
STAT3,F384Y,384,,
TP53,Y107Ter,107,,
TP53,Y107D,107,,
TP53,Y107Y,107,,
STAT3,D661V,661,,
STAT3,D661Y,661,,
KNSTRN,P28L,28,,
KNSTRN,P28S,28,,
PIK3R1,sX475_splices,475,,
EIF1AX,K10E,10,,
EIF1AX,K10T,10,,
ERBB3,M60K,60,,
ERBB3,M60R,60,,
TGFBR2,E544K,544,,
KMT2D,R5432W,5432,,
KMT2D,R5432Q,5432,,
KMT2D,R5432R,5432,,
KEAP1,G417V,417,,
KEAP1,G417E,417,,
KEAP1,G417R,417,,
KEAP1,G417W,417,,
PTEN,L146Ter,146,,
MYC,V7M,7,,
CREBBP,L1499P,1499,,
CREBBP,L1499Q,1499,,
CREBBP,L1499R,1499,,
TRAF7,N520S,520,,
TRAF7,N520Y,520,,
CARD11,D401N,401,,
ASXL2,R357Ter,357,,
TP53,K120E,120,,
TP53,K120N,120,,
TP53,K120Ter,120,,
TP53,K120M,120,,
MYD88,P166L,166,,
MYD88,P166P,166,,
PIK3CD,C416R,416,,
GNAQ,G48Ter,48,,
GNAQ,G48L,48,,
GNAQ,G48V,48,,
ATM,I2888T,2888,,
ATM,I2888L,2888,,
PTEN,H61R,61,,
PTEN,H61N,61,,
PTEN,H61Y,61,,
CARD11,E93D,93,,
CARD11,E93K,93,,
CARD11,E93Q,93,,
TP53,I254S,254,,
TP53,I254V,254,,
TP53,I254F,254,,
TP53,I254L,254,,
TP53,I254M,254,,
TP53,I254N,254,,
ERBB3,R103H,103,,
ERBB3,R103R,103,,
ERBB3,R103G,103,,
FAM58A,sX141_splices,141,,
CDH1,R63Ter,63,,
CDH1,R63G,63,,
CDH1,R63P,63,,
PIK3CA,E970K,970,,
EP300,Q1455H,1455,,
EP300,Q1455Q,1455,,
EP300,Q1455R,1455,,
HNF1A,S591S,591,,
HNF1A,S591Y,591,,
AKT1,D323G,323,,
AKT1,D323Y,323,,
AKT1,D323N,323,,
FBXW7,S546L,546,,
FBXW7,S546Ter,546,,
FBXW7,S546P,546,,
ERBB2,R138Q,138,,
ERBB2,R138W,138,,
ANKRD11,K369R,369,,
MTOR,A1459D,1459,,
MTOR,A1459P,1459,,
MTOR,A1459V,1459,,
GTF2I,F641F,641,,
GTF2I,F641C,641,,
TGFBR1,T375I,375,,
TGFBR1,T375K,375,,
TGFBR1,T375R,375,,
PIK3CB,R321Q,321,,
ERRFI1,K409N,409,,
ERRFI1,K409Q,409,,
INPPL1,R70H,70,,
ARID1B,G966D,966,,
ERBB2,T733I,733,,
CBFB,M1T,1,,
CBFB,M1I,1,,
CBFB,M1K,1,,
ETV6,R369W,369,,
ETV6,R369L,369,,
ETV6,R369Q,369,,
ETV6,R369R,369,,
TGFBR2,R520Ter,520,,
TGFBR2,R520R,520,,
NF1,R461Ter,461,,
NF1,R461Q,461,,
PTPN11,T468M,468,,
PTPN11,T468T,468,,
EIF1AX,N4S,4,,
EIF1AX,N4I,4,,
EIF1AX,N4Y,4,,
EIF1AX,sX6_splices,6,,
CDK12,R890H,890,,
PTEN,L247Ter,247,,
PTEN,L247F,247,,
CTLA4,T17A,17,,
BCL10,N173H,173,,
SMO,V414A,414,,
SMO,V414G,414,,
SMO,V414V,414,,
LYN,I364L,364,,
LYN,I364N,364,,
MSH2,E580Ter,580,,
MET,H1094Y,1094,,
MET,H1094R,1094,,
PBRM1,sX856_splices,856,,
CTNNB1,R535Ter,535,,
CTNNB1,R535Q,535,,
TP53,I232S,232,,
TP53,I232F,232,,
TP53,I232N,232,,
TP53,I232T,232,,
TP53,I232I,232,,
SMARCD1,R183Q,183,,
SMARCD1,R183Ter,183,,
SMARCD1,R183L,183,,
PIM1,L2F,2,,
PIM1,L2V,2,,
FOXA1,R219C,219,,
FOXA1,R219S,219,,
FOXA1,R219G,219,,
FOXA1,R219R,219,,
IL7R,R206Ter,206,,
IL7R,R206Q,206,,
PIM1,E79D,79,,
PIM1,E79E,79,,
RAC1,P34R,34,,
RAC1,P34H,34,,
RAC1,P34S,34,,
DICER1,S1344L,1344,,
DICER1,S1344I,1344,,
PPM1D,E525Ter,525,,
NOTCH1,R365C,365,,
NOTCH1,R365S,365,,
CDKN2A,D74N,74,,
CDKN2A,D74Y,74,,
CDKN2A,D74G,74,,
CDKN2A,D74V,74,,
DNMT1,E432K,432,,
MET,Y1003Ter,1003,,
MET,Y1003C,1003,,
MET,Y1003F,1003,,
AXIN1,sX652_splices,652,,
KEAP1,V155F,155,,
KEAP1,V155A,155,,
STK11,W239C,239,,
STK11,W239Ter,239,,
STK11,W239S,239,,
FGFR3,L8L,8,,
RNF43,R145Ter,145,,
RNF43,R132Ter,132,,
EPAS1,Y532C,532,,
CD79B,sX185_splices,185,,
POLE,E18K,18,,
CARD11,R337Q,337,,
CARD11,R337Ter,337,,
CARD11,E626K,626,,
CARD11,E626Ter,626,,
CARD11,E626Q,626,,
RBM10,sX91_splices,91,,
PTPN11,T507K,507,,
PTPN11,D61Y,61,,
PTPN11,D61N,61,,
NOTCH1,C440F,440,,
NOTCH1,C440R,440,,
NOTCH1,C440S,440,,
NOTCH1,C440W,440,,
NOTCH1,G310R,310,,
NOTCH1,G310E,310,,
ERBB3,R475W,475,,
SMAD3,R268C,268,,
SMAD3,R268H,268,,
SMAD3,R287W,287,,
SMAD3,R287Q,287,,
HNF1A,I27L,27,,
PRDM14,R505H,505,,
PRDM14,R505C,505,,
CDKN1B,sX159_splices,159,,
CDKN1B,G72D,72,,
CDKN1B,G72G,72,,
CDKN1B,G72A,72,,
ETV6,S284S,284,,
ETV6,S284F,284,,
CASP8,sX243_splices,243,,
MAP2K4,sX347_splices,347,,
SMARCA4,E821K,821,,
SMARCA4,E821D,821,,
ALK,R395H,395,,
ALK,R395R,395,,
CIC,sX151_splices,151,,
NOTCH1,E455K,455,,
NOTCH1,E455E,455,,
TP53,Q165Ter,165,,
TP53,Q165H,165,,
PIK3CA,R357Q,357,,
PIK3CA,R357Ter,357,,
PIK3CA,R357G,357,,
PIK3CA,R357L,357,,
STK11,G251V,251,,
STK11,G251C,251,,
STK11,G251R,251,,
ARID1B,Q1179Ter,1179,,
ARID1B,Q1179P,1179,,
ARID1A,Q1142Ter,1142,,
RPTOR,R139H,139,,
SF3B1,Y623C,623,,
SF3B1,Y623H,623,,
SF3B1,Y623S,623,,
BRCA2,S2303S,2303,,
BRCA2,S2303F,2303,,
RB1,sX463_splices,463,,
PTPRT,R364Q,364,,
PTPRT,R364Ter,364,,
PTPRT,R364R,364,,
SETD2,H1603R,1603,,
SETD2,H1603Y,1603,,
MAX,R36W,36,,
AXL,T443T,443,,
RB1,Y606Ter,606,,
RB1,Y606C,606,,
CCND3,Q276Ter,276,,
SMARCB1,R374Q,374,,
SMARCB1,R374W,374,,
CUL3,A20A,20,,
BCL10,E178E,178,,
BCL10,E178D,178,,
KDM6A,sX1246_splices,1246,,
TGFBR1,R487Q,487,,
TGFBR1,R487W,487,,
PTPN11,A461T,461,,
PTPN11,A461G,461,,
PTEN,G251V,251,,
PTEN,G251A,251,,
PTEN,G251D,251,,
PTEN,T277I,277,,
PTEN,T277Ter,277,,
PTEN,T277A,277,,
PTEN,T277N,277,,
FGFR2,F276C,276,,
FGFR2,F276I,276,,
STK11,sX125_splices,125,,
NSD1,C1710Ter,1710,,
NSD1,C1710S,1710,,
NSD1,C1710Y,1710,,
SMAD4,A118V,118,,
CTCF,H288D,288,,
CTCF,H288R,288,,
CTCF,H288Y,288,,
PIK3R1,sX434_splices,434,,
VHL,L169P,169,,
KNSTRN,C22Y,22,,
KNSTRN,C22S,22,,
PPP2R1A,R182W,182,,
PPP2R1A,R182R,182,,
ERRFI1,K116Ter,116,,
SMAD4,Y353N,353,,
SMAD4,Y353C,353,,
SMAD4,Y353D,353,,
SMAD4,Y95C,95,,
SMAD4,Y95Ter,95,,
SMAD4,Y95H,95,,
TCF3,N551K,551,,
RPS6KA4,R629C,629,,
RPS6KA4,R629H,629,,
RPS6KA4,R629R,629,,
RPS6KA4,S236L,236,,
RPS6KA4,S236S,236,,
CBFB,W73Ter,73,,
PTEN,L320Ter,320,,
PTEN,L320S,320,,
PTEN,L320V,320,,
CREBBP,W1472C,1472,,
CREBBP,W1472R,1472,,
CREBBP,W1472G,1472,,
CREBBP,W1472S,1472,,
CREBBP,Y1482C,1482,,
CREBBP,Y1482D,1482,,
CREBBP,Y1482H,1482,,
CREBBP,Y1482N,1482,,
FH,M336I,336,,
FH,M336L,336,,
NUP93,A733A,733,,
RECQL4,sX766_splices,766,,
EIF1AX,G8R,8,,
EIF1AX,G8E,8,,
RAD52,R396H,396,,
RAD52,R396R,396,,
VHL,L135Ter,135,,
VHL,L135F,135,,
HNF1A,R114H,114,,
HNF1A,R114C,114,,
HNF1A,R114L,114,,
HGF,G229A,229,,
HGF,G229D,229,,
HNF1A,G338G,338,,
HNF1A,G338A,338,,
TP53,P190L,190,,
TP53,P190T,190,,
TP53,P190R,190,,
TP53,P190S,190,,
KEAP1,R320L,320,,
KEAP1,R320Q,320,,
KEAP1,R320M,320,,
KEAP1,R320P,320,,
KEAP1,R320W,320,,
FBXW7,sX195_splices,195,,
FBXW7,R441W,441,,
FBXW7,R441G,441,,
FBXW7,R441L,441,,
FBXW7,R441Q,441,,
CDKN1A,M1V,1,,
CDKN1A,M1I,1,,
CDKN1A,M1R,1,,
IRF4,Y428Ter,428,,
IRF4,Y428H,428,,
TBX3,W113Ter,113,,
TBX3,W113R,113,,
KDR,C482R,482,,
KDR,C482Ter,482,,
KMT2A,R1264Ter,1264,,
ERBB3,N126K,126,,
ERBB3,N126I,126,,
TP53,V197L,197,,
TP53,V197V,197,,
TP53,V197E,197,,
TP53,V197M,197,,
TP53,V197G,197,,
SMAD4,G510Ter,510,,
SMAD4,G510R,510,,
SMAD4,G510A,510,,
SMAD4,G510E,510,,
ATRX,R907Ter,907,,
TSC1,sX797_splices,797,,
PLK2,L208P,208,,
PLK2,L208V,208,,
PTEN,sX267_splices,267,,
STK11,W308L,308,,
STK11,W308C,308,,
STK11,W308Ter,308,,
TP53,M133K,133,,
TP53,M133R,133,,
TP53,M133I,133,,
TP53,M133T,133,,
KRAS,K5E,5,,
NF1,R1870Q,1870,,
NF1,R1870W,1870,,
EPHA7,G656E,656,,
EPHA7,G656G,656,,
EPHA7,G656R,656,,
EPHA7,G656W,656,,
ERBB2,V697L,697,,
PTPRS,Y398Y,398,,
HIST1H3H,K37M,37,,
HIST1H3H,K37E,37,,
KEAP1,R601L,601,,
KEAP1,R601W,601,,
RAD51C,Y224H,224,,
RAD51C,P21S,21,,
RAD51C,P21A,21,,
RAD51C,P21T,21,,
BCL2L11,G156R,156,,
BCL2L11,G156E,156,,
BCL2L11,G156Ter,156,,
EZH2,K665E,665,,
EZH2,K665R,665,,
MAP2K4,R110Ter,110,,
MAP2K4,R110Q,110,,
MAP2K4,R110L,110,,
MAP2K4,R110P,110,,
TP53,H178D,178,,
TP53,H178P,178,,
TP53,H178Q,178,,
TP53,H178H,178,,
TP53,H178N,178,,
SPRED1,R349S,349,,
SPRED1,R349W,349,,
TP53,V218G,218,,
TP53,V218E,218,,
TP53,V218L,218,,
TP53,V218M,218,,
TP53,V218V,218,,
SETD2,sX1572_splices,1572,,
CIC,P203S,203,,
CIC,P203A,203,,
CIC,P203L,203,,
KMT2C,R56Q,56,,
KMT2C,R56Ter,56,,
KMT2C,R4549C,4549,,
KMT2C,R4549H,4549,,
KMT2C,R4549S,4549,,
MEF2B,K4E,4,,
RIT1,A77T,77,,
RIT1,A77P,77,,
RIT1,A77S,77,,
PTEN,I67T,67,,
PTEN,I67K,67,,
PTEN,I67V,67,,
PPP4R2,Ter418L,418,,
PPP4R2,Ter418Y,418,,
PIK3CD,R894R,894,,
PIK3CD,R894Q,894,,
KDM6A,sX76_splices,76,,
ERBB4,F1102C,1102,,
ERBB4,F1102F,1102,,
ATM,R2832C,2832,,
ATM,R2832S,2832,,
TET2,R550Ter,550,,
SMAD2,R182Ter,182,,
SMAD2,R182R,182,,
BCL2,N172S,172,,
BCL2,N172N,172,,
BCL2,N172Q,172,,
FGFR2,P253R,253,,
FGFR2,P253L,253,,
PTEN,Y174Ter,174,,
PTEN,Y174D,174,,
PTEN,Y174H,174,,
MET,T222T,222,,
BRAF,sX327_splices,327,,
TGFBR1,I259I,259,,
TGFBR1,I259N,259,,
ERBB4,S774G,774,,
ERBB4,S774N,774,,
ERBB4,S774R,774,,
CCND1,C47S,47,,
CCND1,C47G,47,,
ARID1A,sX911_splices,911,,
ERBB2,A293T,293,,
ERBB2,A293P,293,,
ERBB2,A293V,293,,
ERBB2,I767M,767,,
BRD4,P1065P,1065,,
BRD4,P1065R,1065,,
KDM6A,sX129_splices,129,,
PGR,R836Q,836,,
PGR,R836Ter,836,,
PTPRS,R1492W,1492,,
PTPRS,R1492Q,1492,,
PTPRS,R1492R,1492,,
CBL,C384R,384,,
CBL,C384W,384,,
EPHA3,R136Ter,136,,
PBRM1,R921Ter,921,,
HIST1H1C,E115K,115,,
KDM6A,Q1003Ter,1003,,
KDM6A,Q1003P,1003,,
MAP3K13,sX502_splices,502,,
PDGFRA,C235Y,235,,
PDGFRA,C235R,235,,
PDGFRA,C235S,235,,
ERCC3,L713L,713,,
PTEN,I101T,101,,
NFE2L2,I28T,28,,
CDH1,Y190C,190,,
APC,S1315Ter,1315,,
IRS2,G1057D,1057,,
PIM1,N7N,7,,
SMAD2,C463Ter,463,,
SMAD2,C463F,463,,
SMAD2,R321Q,321,,
SMAD2,R321Ter,321,,
SPOP,K129E,129,,
CARD11,R423Q,423,,
CARD11,R423W,423,,
CARD11,R423R,423,,
TRAF7,R189L,189,,
TRAF7,R189P,189,,
TRAF7,R189R,189,,
TRAF7,R189W,189,,
KIT,R888Q,888,,
KIT,R888W,888,,
KIT,R888R,888,,
IKZF1,E304K,304,,
IKZF1,E304Q,304,,
RHOA,L69P,69,,
RHOA,L69R,69,,
RHOA,L69M,69,,
CASP8,R494Ter,494,,
TNFRSF14,C111W,111,,
TNFRSF14,C111Y,111,,
PMS2,K651R,651,,
MAP2K1,N122D,122,,
SDHAF2,S10L,10,,
SDHAF2,S10Ter,10,,
SDHAF2,S10A,10,,
RAC1,K135N,135,,
RAC1,K135R,135,,
CCND1,E9E,9,,
CCND1,E9D,9,,
CCND1,E9K,9,,
EIF4A2,M1I,1,,
EIF4A2,M1K,1,,
EIF4A2,M1R,1,,
EIF4A2,M1V,1,,
CREBBP,I1431I,1431,,
CREBBP,I1431N,1431,,
CREBBP,I1431S,1431,,
CREBBP,I1431V,1431,,
ARID1B,T1652M,1652,,
ARID1B,T1652A,1652,,
ARID1B,T1652T,1652,,
VHL,W117L,117,,
VHL,W117Ter,117,,
VHL,W117C,117,,
VHL,Y112Ter,112,,
VHL,Y112C,112,,
VHL,Y112D,112,,
VHL,Y112Y,112,,
WHSC1,T1150A,1150,,
SMAD4,S178Ter,178,,
SOS1,A90A,90,,
SOS1,A90T,90,,
SOS1,A90V,90,,
SMAD2,T303R,303,,
SMAD2,T303I,303,,
RB1,sX406_splices,406,,
EP300,L415P,415,,
SMARCA4,R1157W,1157,,
SMARCA4,R1157Q,1157,,
PTEN,W274Ter,274,,
PTEN,W274S,274,,
PTEN,Y65Ter,65,,
SMAD2,P305L,305,,
SMAD2,P305Q,305,,
SMAD2,P305T,305,,
SF3B1,V701F,701,,
SF3B1,V701A,701,,
SF3B1,V701I,701,,
NOTCH1,I471T,471,,
RAC1,C18Y,18,,
RAC1,C18F,18,,
RAC1,C18S,18,,
CTCF,M1V,1,,
CTCF,M1I,1,,
CTCF,M1T,1,,
STK11,G196V,196,,
STK11,G196G,196,,
STK11,G196R,196,,
STK11,sX200_splices,200,,
FBXW7,T385K,385,,
FBXW7,T385I,385,,
FBXW7,T385P,385,,
FBXW7,R393Ter,393,,
FBXW7,R393Q,393,,
